vertical_id,id,source,title,stored_date,detected_date,delta_days,detection_source,url
ai,efcc5f83-807d-4527-af4c-8d7c66d1e509,TechCrunch,OpenClaw creator Peter Steinberger joins OpenAI,2026-04-16,2026-02-15,60,og:article:published_time,https://techcrunch.com/2026/02/15/openclaw-creator-peter-steinberger-joins-openai/
ai,bf6fa3c3-8195-4e86-ae61-99dfb11aa6c1,API Evangelist,The 2025 API Evangelist Vision,2026-04-16,2024-12-09,493,og:article:published_time,https://apievangelist.com/2024/12/09/the-2025-api-vision/
ai,2cdc6dda-55f2-471d-aaa8-067fec355ec1,CNBC,"Cris Valenzuela, Runway CEO: A Fortt Knox Update",2026-04-16,2026-04-01,15,og:article:published_time,https://www.cnbc.com/video/2026/04/01/cris-valenzuela-runway-ceo-a-fortt-knox-update.html
ai,9c270ce5-9b4b-4e44-941a-a2bd7c520235,Off-Chain Podcast,Ryne Saxe: Powering Cross-Chain Stablecoin Liquidity with Eco | Off-Chain Podcast,2026-04-16,2025-10-15,183,itemprop:datePublished,https://www.youtube.com/watch?v=zh4PjpTvccE
ai,bcbdd109-4346-408f-8b0f-db86efb94723,QuickNode,ERC-8004: A Developer's Guide to Trustless AI Agent Identity,2026-03-04,2026-03-04,0,og:article:published_time,https://blog.quicknode.com/erc-8004-a-developers-guide-to-trustless-ai-agent-identity/
ai,6cd23655-c7a0-4c1d-a2f6-b4b7c1623e41,Onliine,"GenAI Delivering Now, Tokenization Is Next: Financial Services Enters Period of Accelerating Transformation, Landmark Broadridge Study Finds",2026-02-25,,,error: no date found,https://www.broadridge.com/press-release/2026/genai-delivering-now-tokenization-is-next
ai,1a1b23f1-fa05-42df-b1a9-828d758c4668,Nate B. Jones,"Why ""Trust the AI"" Is Now Your Biggest Security Hole",2026-02-22,2026-02-22,0,itemprop:datePublished,https://www.youtube.com/watch?v=OMb5oTlC_q0
ai,8fc34e4c-a2b4-45df-9a20-59d178494536,Eco,What is ERC-8004? The Ethereum Standard Enabling Trustless AI Agents,2026-02-20,,,error: no date found,https://eco.com/support/en/articles/13221214-what-is-erc-8004-the-ethereum-standard-enabling-trustless-ai-agents
ai,1a72a44a-92e9-4677-b694-61c2ab051394,RedStone Finance,ERC-8004 Gives AI Agents Identity. RedStone and Credora Power Them with Data,2026-02-12,2026-02-12,0,og:article:published_time,https://blog.redstone.finance/2026/02/12/erc-8004-gives-ai-agents-identity-redstone-and-credora-power-them-with-data-and-risk-intelligence/
ai,218b5a43-1512-48a5-bb2b-376be3116a9b,Forbes,AI Agents Gain Trust Via Ethereum: ERC-8004 On Mainnet,2026-02-05,2026-02-05,0,itemprop:datePublished,https://www.forbes.com/sites/digital-assets/2026/02/05/ai-agents-gain-trust-via-ethereum-erc-8004-on-mainnet/
ai,a9d92879-dec9-4e47-98c6-1cf9ca94c86c,online,The Moltbook creator sees a future where every human has a bot that creates content on their own platforms,2026-02-03,2026-02-03,0,json-ld:datePublished,https://www.businessinsider.com/moltbook-creator-sees-future-where-every-human-has-ai-bot-2026-2
ai,c084391f-d5b4-4195-8bca-b4749cf8609d,Allium,Onchain AI Identity: What ERC-8004 Unlocks for Agent Infrastructure,2026-02-01,2026-02-17,-16,og:article:published_time,https://allium.so/blog/onchain-ai-identity-what-erc-8004-unlocks-for-agent-infrastructure/
ai,4db47c96-2b94-4501-bffb-831a760ff6df,Ethereum AI,ERC-8004 + x402 AI Agent Registry Explained,2026-01-20,2026-02-05,-16,itemprop:datePublished,https://www.youtube.com/watch?v=dIqt1T7XdUI
ai,f0be0572-673e-4552-b38d-6ee378c8f2a3,ENS Labs,The Identity Problem in Agentic Commerce: How ENS Can Enable Trust for AI Agents,2026-01-15,2026-01-22,-7,json-ld:datePublished,https://ens.domains/blog/post/ens-ai-agent-erc8004
ai,7427b130-87e9-40c9-80fb-0a35229ffbea,Medium,The Story Behind ERC-8004 & Next Steps,2026-01-15,2025-08-22,146,og:article:published_time,https://medium.com/survival-tech/the-story-behind-erc-8004-next-steps-ec46c18d1879
ai,53c71844-523b-4f45-a6f9-5494ab99a46b,online,"World, Co-founded by Sam Altman and Alex Blania, Accelerates Expansion in Japan via MEDIROM Collaboration Re.Ra.Ku’s “Orb” Authentication Surpasses 20,000 Cumulative Verifications, Doubling in Approximately Two Months",2026-01-08,2026-01-08,0,json-ld:datePublished,https://www.globenewswire.com/news-release/2026/01/08/3215805/0/en/World-Co-founded-by-Sam-Altman-and-Alex-Blania-Accelerates-Expansion-in-Japan-via-MEDIROM-Collaboration-Re-Ra-Ku-s-Orb-Authentication-Surpasses-20-000-Cumulative-Verifications-Doub.html
ai,618e8cd5-ace7-4223-8a0b-6d5c311361a5,Nate B. Jones,The Compounding Gap That Makes 2026 the Last Chance to Catch Up,2026-01-01,2026-01-01,0,itemprop:datePublished,https://www.youtube.com/watch?v=pOb0pjXpn6Q
ai,cadb5eb0-baad-437e-adfb-e1e8e7c3d811,YouTube,Crypto Corner with Polygon co-founder Sandeep Nailwal,2025-10-17,2025-10-17,0,itemprop:datePublished,https://www.youtube.com/watch?v=FHScSNo93UE
ai,581e4c1f-6500-4fdc-8af8-f0e70649c62a,CoinDesk,Ethereum Foundation Launches AI Team to Support Agentic Payments,2025-09-15,2025-09-15,0,json-ld:datePublished,https://www.coindesk.com/tech/2025/09/15/ethereum-foundation-launches-ai-team-to-support-agentic-payments
ai,d357a66f-c1c1-4102-9702-f038ac56bde0,BlockHash Podcast,BlockHash Ep. 425 — AI Powered Smart Contracts w/ Albert Castellana,2024-10-07,,,error: no date found,https://creators.spotify.com/pod/show/blockhash-podcast/episodes/Ep--425-Albert-Castellana-Llus--AI-Powered-Smart-Contracts-with-GenLayer-e2p7v3g
brands,40d23a99-ae73-4133-ba15-ca39896c7ff2,Fortune Crypto,Reddit cofounder Alexis Ohanian wants to buy TikTok—and add a bold new crypto element,2026-04-16,2025-03-04,408,json-ld:datePublished,https://fortune.com/crypto/2025/03/04/reddit-co-founder-alexis-ohanian-project-liberty-peoples-bid-for-tiktok-china-trump/
brands,8a4a0581-0e34-47b2-8267-4cbe84bff578,Online,"PayPal, MoonPay and M0 launch PYUSDx to let devs issue app-specific stablecoins",2026-02-27,2026-02-27,0,json-ld:datePublished,https://www.tradingview.com/news/cointelegraph:fd7ac7ae3094b:0-paypal-moonpay-and-m0-launch-pyusdx-to-let-devs-issue-app-specific-stablecoins/
brands,d35cafe2-ae67-4ae1-b668-26f3ea56b636,Abu Dhabi Finance Week,"ADFW 2025: Yoni Assia, Co-Founder & CEO, eToro",2025-12-01,2025-12-15,-14,itemprop:datePublished,https://www.youtube.com/watch?v=Au2QpiE0ans
brands,a58b6b46-e4c1-4d65-b08f-576ecec7048b,Online,Founder of the Week: David Yu,2025-06-15,2025-06-17,-2,og:article:published_time,https://techround.co.uk/startups/founder-of-the-week-david-yu/
brands,807ea22a-7b06-4d67-8833-8229831ab98b,Online,"Standout Moments in May: Bold Risks, AI Revelations, and Industry Celebrations",2025-06-02,2025-06-02,0,json-ld:datePublished,https://gmrmarketing.com/latest-news/article/may-update/
brands,5f5ed679-3fa5-4947-bd59-e8b4bb6538f6,Blockchain App Factory,"NFT Marketing Trends to Watch in 2025: AI, Consumer Behavior",2025-01-01,2025-03-19,-77,og:article:published_time,https://www.blockchainappfactory.com/blog/nft-marketing-trends-2025/
brands,f802ec34-af63-4d9f-a966-937111da0459,Mintology,Best Web3 Loyalty Programs for eCommerce (2025),2025-01-01,2025-05-12,-131,og:article:published_time,https://blog.mintology.app/best-web3-loyalty-programs-ecommerce/
brands,6472abb5-53e6-429d-8f4f-c68a48c89529,IYK,IYK: Bridging Physical Products to On-Chain,2024-11-05,,,error: no date found,https://www.iyk.app/
brands,55fd1931-a70c-45ab-bd93-46a3980b64cd,Online,OneFootball Launch Web3 Loyalty Program - OneFootball Club,2024-09-06,2024-09-09,-3,json-ld:datePublished,https://newsletter.sportingcrypto.com/p/onefootball-launch-web3-loyalty-program-onefootball-club
creator,b5a0ecc6-4945-4717-9615-0176f7fac6f8,Artnet News,This Artist's 'Self Checkout' Lets You Pay What You Wish at Art Basel Miami Beach,2026-04-16,2025-12-04,133,og:article:published_time,https://news.artnet.com/market/jack-butcher-self-checkout-abmb-2724016
creator,2d9d0c91-0179-4a68-8ea5-a851ab83a045,Blockworks,Music NFTs & The Next Generation Of Music | Cooper Turley,2026-04-16,2022-09-26,1298,time[datetime],https://blockworks.co/podcast/empire/2961b518-3c90-11ed-98c6-23e6a33b5687
creator,7a648e9c-1807-4217-a67b-5a04d8206a33,Internet Explorers,Zora Founder on the Plan to Pay Creators,2026-04-16,,,error: no date found,https://sites.libsyn.com/493818/zora-founder-on-the-plan-to-pay-creators-internet-explorers-ep-78-live
creator,810a2460-528d-4ca9-af43-feeab83c0b9a,X,Wall Street is moving onchain. the question isn't if. It's which infrastructure wins.,2026-04-16,,,error: no date found,https://x.com/RaoulGMI/status/2044775651954045063
creator,87633236-6e7d-47a5-963f-8c533d9de65f,Article,Sweet CEO on transforming sports NFTs from static collectables to programmable IP,2026-04-10,2026-02-17,52,json-ld:datePublished,https://www.dlnews.com/research/internal/sweet-ceo-on-transforming-sports-nfts-from-static-collectables-to-programmable-ip/
creator,90591b6d-bb6d-42c5-9208-1e9bcb0a96dc,YouTube,"Tokenizing Music IP as Real World Assets, BeatSwap Co-Founder on RWAs, Fan Ownership & Web3 Creators",2026-02-20,2026-02-20,0,itemprop:datePublished,https://www.youtube.com/watch?v=FwKgb931wCs
creator,998d4a71-1ef5-469a-8773-8f9701ef2f68,coin desk,Story co-founder defends token unlock delay,2026-02-09,2026-02-09,0,json-ld:datePublished,https://www.coindesk.com/markets/2026/02/09/story-co-founder-defends-token-unlock-delay-says-project-needs-more-time
creator,bbb9a696-9eff-4cf2-87f8-a5ac83c7f7e2,Now Media,The Unwinding of the NFT Marketplace Era,2026-02-02,,,error: no date found,https://nowmedia.co/newsletter/the-now
creator,2a469d70-ffbc-4b68-b72e-c762965f6dcc,Online,The blockchain story is getting more complicated and more realistic. Institutions aren’t excited about speculation.,2026-01-20,,,error: no date found,https://www.facebook.com/kevinolearytv/videos/the-blockchain-story-is-getting-more-complicated-and-more-realisticinstitutions-/1393054685797853/
creator,7cd63a94-8dc7-4e71-98b6-b966ceaf8ec5,The Rollup,The modular blockchain thesis with Andy from The Rollup,2025-05-01,2024-02-16,440,itemprop:datePublished,https://www.youtube.com/watch?v=xZ5qNnPY13c
creator,0e269ea5-24c8-4e9a-a29b-7fabf255b12e,Crucible Capital / Substack,From Adoption to Annexation (Meltem Demirors),2025-03-01,2026-02-24,-360,json-ld:datePublished,https://cruciblecapital.substack.com/p/from-adoption-to-annexation
creator,8c636f6f-ebb5-46e1-ba03-6b4421e57f5c,Cypherock,NFTs for Content Creators: Monetize Digital Art in 2025,2025-01-21,2025-01-21,0,og:article:published_time,https://www.cypherock.com/blogs/nfts-and-the-empowerment-of-content-creators
creator,0441ff8b-e3d3-4590-acbe-e78e3e3aebe8,Investing.com,"Bitcoin to hit all-time high in 2025, predicts Anthony Pompliano",2025-01-15,2025-04-04,-79,json-ld:datePublished,https://www.investing.com/news/cryptocurrency-news/bitcoin-to-hit-alltime-high-in-2025-predicts-anthony-pompliano-3968986
creator,e14cacb6-d329-4292-a04d-f388f9e9c98d,Young and Profiting,YAPLive: NFT Basics and Beyond with John Kraski et al,2024-11-01,2022-03-25,952,og:article:published_time,https://youngandprofiting.com/yaplive-nft-basics-and-beyond-with-ben-yu-john-kraski-brian-esposito-and-ashley-france/
creator,7c96f314-d4dc-46c2-8262-f8385c1372da,Platinum Crypto Academy,The Comprehensive Guide to NFT Royalties,2024-01-01,2024-04-16,-106,og:article:published_time,https://www.platinumcryptoacademy.com/cryptocurrency-investment/the-comprehensive-guide-to-nft-royalties-in-2024-understanding-the-future-of-digital-ownership/
culture,39a086b6-9417-42bc-8115-116aa28201c0,Online,Who is Claire Silver? This anonymous NFT artist redefines digital art with AI.,2026-07-06,,,error: no date found,https://www.binance.com/en/square/post/26435703130962
culture,3b8a9979-3c93-4011-989b-865f9ab3a3ea,Yahoo Finance,Roham Gharegozlou on Flow and Dapper Labs' Mission,2026-04-16,,,error: no date found,https://finance.yahoo.com/video/roham-gharegozlou-dapper-labs-pivot-150054035.html
culture,3f5bfe58-b46e-4cab-81d1-ac32f9588a3b,nft now,Greg Solano Resumes CEO Role At Yuga Labs,2026-04-16,2024-02-21,785,og:article:published_time,https://nftnow.com/news/greg-solano-resumes-ceo-role-at-yuga-labs/
culture,34dc477e-0401-4690-863f-e4d17bf88681,Variety,VeeCon Gathering in LA Highlights Serial Entrepreneur's World,2026-04-16,2024-08-09,615,og:article:published_time,https://variety.com/2024/biz/news/gary-vaynerchuk-veecon-friends-nft-los-angeles-1236101239/
culture,f67da6a8-738a-4dee-bff8-7c5b73750169,CoinTribune,Pindar Van Arman X NFT Paris: Reflection – A Milestone in AI and Generative Art,2026-04-16,2024-02-04,802,og:article:published_time,https://www.cointribune.com/en/pindar-van-arman-x-nft-paris-present-reflection-a-milestone-in-ai-and-generative-art/
culture,759cea40-6788-4033-a624-b7f81da31b4c,Online,"For This Poet, AI is a Writing Partner",2026-04-09,2026-04-09,0,og:article:published_time,https://www.harvardmagazine.com/arts-culture/harvard-sasha-stiles-poetry-ai-chatgpt
culture,b0a77a0c-5331-4568-9e3d-ef0ff42a94d1,Artnet,Is a Crypto-Friendly Administration Igniting New Passion for NFTs?,2026-04-02,2025-03-28,370,og:article:published_time,https://news.artnet.com/art-world/crypto-friendly-administration-nfts-2625371
culture,2342927e-aa76-4a14-ba8e-31386c9b60ce,Bankless,Generative Art Summer,2026-04-02,2023-07-27,980,json-ld:datePublished,https://www.bankless.com/generative-art
culture,02b6894a-f67f-48f9-9609-b839b41639da,SCB 10X,"Generative Art NFTs, Art Created with the Help of Technology",2026-04-02,,,error: no date found,https://www.scb10x.com/en/blog/generativeart-nfts
culture,cae05dc4-2f7f-4dee-a575-68a3cb47b267,NFT Morning,Nina Roehrs on the Arab Bank Switzerland Digital Art Prize,2026-03-28,2026-03-28,0,json-ld:datePublished,https://www.nftmorning.com/p/930-the-arab-bank-switzerland-digital
culture,e998cc1b-2e22-44ad-8b62-6c8faa19d891,Online,LSEG and Apex Group collaborate to connect private funds with LSEG’s Digital Markets Infrastructure,2026-02-10,,,error: no date found,https://www.lseg.com/en/media-centre/press-releases/2026/lseg-and-apex-group-collaborate-to-connect-private-funds-with-lsegs-digital-markets-infrastructure
culture,fbf394b5-43c7-4ed1-b57a-11d44c8ba213,OpenSea Blog,"Bryan Brinkman — live from Marfa, in conversation",2025-12-09,2025-12-30,-21,json-ld:datePublished,https://opensea.io/blog/articles/live-from-marfa-in-conversation-with-bryan-brinkman
culture,1798227e-45d1-4899-9911-f7f25a86bec4,online,Stay Connected to Zero 10,2025-12-04,,,error: no date found,https://www.artbasel.com/miami-beach/zero-10
culture,db19c4cb-42bc-4b4e-9d10-66d2dacde5b3,Paris Photo,Kevin Abosch x TAEX — Paris Photo 2025,2025-11-10,2025-12-04,-24,itemprop:datePublished,https://www.youtube.com/watch?v=LVsSFylkn7s
culture,4afbcecb-e6c1-4d72-87ae-4858cb44f445,Online,Merck Mercuriadis on Building a New Asset Class — and Why Music Is More Valuable Than Gold or Oil,2025-10-02,,,error: no date found,https://sway.capital/insights/merck-mercuriadis-on-building-a-new-asset-class-and-why-music-is-more-valuable-than-gold-or-oil
culture,ad202fff-e701-406b-80ca-299dbf55f010,online,Raine Maida Discusses Web3 and FanDrop at Consensus 2025: Key Takeaways for Crypto Traders,2025-05-14,,,error: no date found,https://blockchain.news/flashnews/raine-maida-discusses-web3-and-fandrop-at-consensus-2025-key-takeaways-for-crypto-traders
culture,7018dd50-9c4f-4de3-95e3-c09d40db4a18,Whitewall,Meet the artist: Grant Yun makes digital paintings,2025-05-01,2025-06-23,-53,og:article:published_time,https://whitewall.art/art/digital-artist-grant-yun/
culture,99850c79-0cad-4427-b92e-ddb09161a891,blog,In Conversation With Burnt Toast of Doodles,2025-04-25,2025-05-01,-6,json-ld:datePublished,https://opensea.io/blog/articles/in-conversation-with-burnt-toast-of-doodles
culture,0c9cc373-e0a5-42dc-a500-71221b487e7f,Aesthetics of Photography,Justin Aversano — The Most Promising NFT Photography Projects 2025,2025-04-08,2025-05-28,-50,og:article:published_time,https://aestheticsofphotography.com/the-most-promising-nft-photography-projects-in-2025
culture,8b22df7c-6bbc-4235-8605-dacb7add8a63,Dominique Moulon,Talks and Panels — Dominique Moulon,2025-04-04,,,error: no date found,https://www.dominiquemoulon.com/en/talks.html
culture,79d7830d-350d-49d6-bc27-6d331755e330,Digitap,DAO Models to Watch in 2025: From Protocol DAOs to Community DAOs,2025-01-01,2025-11-30,-333,og:article:published_time,https://digitap.app/news/guide/dao-models-to-watch-in-2025
culture,bdc0d7d1-9434-4109-8285-5fe6b5cfd397,nft now,Digital Art Isn't Dead — But It Is at a Crossroads,2024-10-01,2025-04-10,-191,og:article:published_time,https://nftnow.com/newsletter/now-newsletter-digital-art-isnt-dead-but-it-is-at-a-crossroads/
culture,9dbbb83b-bcda-4a80-b1b4-2b1767149572,Kate Vass Galerie,NODE TO NODE — Art Salon Paris (Kate Vass Galerie),2024-10-01,2023-09-19,378,itemprop:datePublished,https://www.katevassgalerie.com/news/node-to-node
culture,f9a82a7c-c8fc-40ef-a144-b86d63188623,youtube,Azuki Founder Reveals How He Built Web3's Leading Anime Brand,2024-09-30,2024-09-30,0,itemprop:datePublished,https://www.youtube.com/watch?v=TEiCo7BsTH8
culture,d768214f-3832-4db8-b7bc-fcbda8424d2b,OpenSea Blog,Live From Marfa: In Conversation with Natalie Stone,2024-08-15,2026-01-21,-524,json-ld:datePublished,https://opensea.io/blog/articles/live-from-marfa-in-conversation-with-natalie-stone
culture,dc99e472-1597-4cfe-9c2e-0a265530aade,Art Blocks,Art Blocks and the Generative Art Movement,2024-06-15,,,error: no date found,https://www.artblocks.io/
culture,010e02e4-986f-4059-8e4b-e348582c0283,Fakewhale,Bright Moments founder Seth Goldstein in conversation with Fakewhale,2024-06-01,2024-04-04,58,og:article:published_time,https://log.fakewhale.xyz/bright-moments-founder-seth-goldstein-in-conversation-with-fakewhale
culture,99777f64-5e5f-4e46-b58d-aca292d7d49a,BBW 2024,Michael Bouhanna (Sotheby's) on the evolution of digital art,2024-03-01,2024-11-14,-258,itemprop:datePublished,https://www.youtube.com/watch?v=2AbQ5Z6rQB8
culture,780d88c4-20f1-4ce2-bcad-711e45ac7cb7,Rapid Innovation,DAO-Enabled NFT Platforms: Ultimate Guide,2024-01-01,2024-09-19,-262,json-ld:datePublished,https://www.rapidinnovation.io/post/all-about-dao-enabled-nft-platform
culture,cd333bb6-dccb-46e8-b8e2-31c0edfecf18,Harry Walker Agency,Fintech & Crypto Speakers — gmoney,2023-06-01,,,error: no date found,https://www.harrywalker.com/subtopics/fintech-cryptocurrency
culture,481dc2ba-b07b-4d8a-9742-4cf6514c7a91,AI Futures (Substack),Interview with AI artist and poet Sasha Stiles,2023-05-01,2023-09-06,-128,json-ld:datePublished,https://aifutures.substack.com/p/interview-with-ai-artist-and-poet
culture,e476126a-d058-4312-b657-1115d047a9b8,The Ledger Podcast,Snowfro & Art Blocks: The Generative Art Evolution,2022-07-20,2022-07-20,0,json-ld:@graph.datePublished,https://www.ledger.com/the-ledger-podcast/snowfro-artblocks-the-generative-art-evolution
defi,cea0b422-aa18-4a10-aa5c-318955d76f81,YouTube,"RWA Tokenization in 2025: From Niche to Necessity | Bhaji Illuminati, CEO of Centrifuge",2026-04-10,2025-06-26,288,itemprop:datePublished,https://www.youtube.com/watch?v=-Ro3IkRJV3o
defi,d97c28cc-a737-496a-b594-b2fcab9f7d1f,DL News,Multicoin founder Kyle Samani says he's still mega-long Solana,2026-02-05,2026-02-05,0,json-ld:datePublished,https://www.dlnews.com/articles/people-culture/multicoin-founder-kyle-samani-says-he-is-mega-long-solana-despite-resignation/
defi,83f3b9e3-cf32-4701-9425-4e746f6149b2,online,Ethena Labs looks to boost USDe Safe holdings with gas-free Ethereum transactions and 10x rewards bump,2026-01-13,2026-01-13,0,json-ld:datePublished,https://www.theblock.co/post/385396/ethena-labs-boost-usde-safe-holdings-gas-free-ethereum-transactions-10x-rewards
defi,839b5910-a75c-4cc0-9c70-85e8c3a4cd0c,Online,"3 questions for… | Stéphanie Cabossioras, SG Forge “What do we need to know about stablecoins in 2025?”",2025-12-05,2025-05-12,207,og:article:published_time,https://finyear.com/3-questions-a-stephanie-cabossioras-sg-forge-que-faut-il-savoir-sur-les-stablecoins-en-2025
defi,6ee2493d-a374-42a9-99fa-4573487e6777,YouTube,Ondo Finance is Leading the Tokenization Surge! | Nathan Allman,2025-11-22,2025-11-22,0,itemprop:datePublished,https://www.youtube.com/watch?v=mIrDlMcw_sg
defi,bd8fad82-4f6e-45c4-a6fb-440a21798fa5,PRNewswire,Monaco Research Names Simran Singh as CEO,2025-11-11,2025-11-11,0,meta[name=date],https://www.prnewswire.com/news-releases/monaco-research-names-ex-goldman-sachs-gsr-trading-executive-simran-singh-as-chief-executive-officer-302610946.html
defi,95252455-4e71-48c6-95c2-278b2be8135d,Online,Digital assets unveiled: Industry insights and regulatory shifts,2025-09-19,,,error: no date found,https://www.jpmorgan.com/insights/podcast-hub/market-matters/digital-assets-kinexys-and-regulatory-shifts
defi,fe347166-769b-44af-b8d1-2fb324d7f12a,Circle / The Money Movement,The Safest Dollar on the Internet | Circle CEO Jeremy Allaire,2025-06-01,2026-01-26,-239,itemprop:datePublished,https://www.youtube.com/watch?v=mL9aVwT3qEc
defi,c894bf0c-90d0-4509-8c9c-83c669282d05,Bankless,Kain Warwick: Why Crypto Is BROKEN in 2025,2025-03-01,2025-01-24,36,itemprop:datePublished,https://www.youtube.com/watch?v=3nEpMrxQRko
defi,dc7ac1ec-6e52-48d8-8ff0-5a227ce8d228,DL News,State of DeFi 2025,2025-01-01,2026-03-28,-451,json-ld:datePublished,https://www.dlnews.com/research/internal/state-of-defi-2025/
defi,2b10e819-d758-4961-91cf-316a2e2ea686,Codezeros,NFT-Fi in 2025: The Rise of NFT Collateralization and Perpetual Rentals,2025-01-01,,,error: no date found,https://www.codezeros.com/nftfi-in-2025-the-rise-of-nft-collateralization-and-perpetual-rentals
defi,ece787c5-e047-4311-9211-1627c91439c7,Future Market Insights,NFT-Backed Loans Market: Global Analysis Report 2025-2035,2025-01-01,2025-10-22,-294,json-ld:@graph.datePublished,https://www.futuremarketinsights.com/reports/nft-backed-loans-market
defi,bbd3ff2c-a6f8-4aee-bc9f-9bc000facd71,CoinDesk,Real-World Assets on Ethereum: The Trillion-Dollar Opportunity,2024-03-15,,,error: HTTP 404,https://www.coindesk.com/consensus-magazine/2024/03/15/real-world-assets-tokenization/
desci,89a8b362-fca3-4671-8172-39d6d0cdc641,Binance Square,Anthony Schwartz (Artan Bio) on why he's most excited about DeSci,2025-06-01,,,error: no date found,https://www.binance.com/en/square/post/19765420960498
desci,dcbb3a3d-69e8-4c74-aa42-62e638966fbe,YouTube,Scientific Progress Through Decentralized AI | Vincent Weisser,2024-06-18,2024-06-18,0,itemprop:datePublished,https://www.youtube.com/watch?v=k9KNToIcpLU
domains,c7778ab2-b876-4301-b52b-b0227b346f38,Edge of NFT,The Power of On-Chain Domains: Insights from Sandy Carter of Unstoppable Domains,2026-04-16,,,error: no date found,https://www.edgeofnft.com/podcasts/the-power-of-on-chain-domains-insights-from-sandy-carter-of-unstoppable-domains
domains,e84fc086-320c-4173-b82e-d0e655e59801,Domain Incite,"Unstoppable focuses on proper domains, admits crypto was a ""craze""",2026-03-16,2026-03-23,-7,og:article:published_time,https://domainincite.com/31583-unstoppable-focuses-on-proper-domains-admits-crypto-was-craze
domains,9f00a209-3217-45e2-9f71-757a3dbec723,Yap Cast,"Money, Ownership And Identity With Nick Johnson Of ENS",2025-07-24,2024-09-21,306,og:article:published_time,https://yapglobal.com/yap-cast-podcast/money-ownership-and-identity-with-nick-johnson-of-ens-s3e7/
domains,88666758-8ad7-4c27-9223-eb9835c0dce7,Building Web3 Podcast,The Future of Decentralized Identity | Nick from ENS,2025-04-07,2025-04-07,0,json-ld:datePublished,https://podcasts.apple.com/my/podcast/the-future-of-decentralized-identity-nick-from-ens/id1745601953?i=1000702513991
domains,02751f4b-4622-46a2-8cd5-a2f00fca0447,YouTube,Sandy Carter — Beyond the Myths: Building Your AI-First Future,2025-04-01,2026-01-20,-294,itemprop:datePublished,https://www.youtube.com/watch?v=eW6bZq9Lt0w
domains,ba6d5bc5-0382-472d-a8c1-cdeba80dae58,Epicenter,Nick Johnson: ENS - multichain domains and decentralised identities,2023-11-04,,,error: no date found,https://podscripts.co/podcasts/epicenter-learn-about-crypto-blockchain-ethereum-bitcoin-and-distributed-technologies/nick-johnson-ens-multichain-ens-domains-and-decentralised-identities
gaming,5c537041-b672-4c3d-934e-682647cbbeb9,Podcast,The Intersection of Video Games and Economics with Mythical Games CEO John Linden,2026-04-10,,,error: no date found,https://www.ark-invest.com/podcast/the-intersection-of-video-games-and-economics
gaming,ccd9f8c5-d1b2-4cdf-86ad-88fa36761759,onliine,Animoca & CryptoSlam unveil Animoca Minds AI agents,2026-02-06,,,error: HTTP 406,https://itbrief.asia/story/animoca-cryptoslam-unveil-animoca-minds-ai-agents
gaming,3527173f-9183-4d6a-a0c5-66c73ef7c854,NFT Culture,The Unraveling and Rebirth of Digital Ownership: A Post-Mortem on the 2021 NFT Empire and the Rise of Verifiable Utility,2025-12-10,2025-11-05,35,og:article:published_time,https://www.nftculture.com/nft-news/the-unraveling-and-rebirth-of-digital-ownership-a-post-mortem-on-the-2021-nft-empire-and-the-rise-of-verifiable-utility/
gaming,189fd96a-4571-416f-ab9d-df041348f2fe,LeanScale Podcast,Mythical Games CEO John Linden reveals what's coming next,2025-12-05,2025-12-05,0,itemprop:datePublished,https://www.youtube.com/watch?v=2G7PmPOCLRE
gaming,80cd1a08-2cc3-426f-9976-f02fc16a9a0d,IcoHolder,NFTs and Gaming: Redefining Digital Ownership for Player,2025-10-15,2024-09-09,401,og:article:published_time,https://icoholder.com/blog/nfts-and-gaming-redefining-digital-ownership-for-player/
gaming,c5a6ecc3-1999-4f7c-a090-2ab4dae78447,Finance Feeds,Why NFT Gaming Economies Struggle and What Works Instead,2025-09-05,2026-01-23,-140,og:article:published_time,https://financefeeds.com/why-nft-gaming-economies-struggle/
gaming,479b3363-23c2-489b-b40a-668774f996f2,IET Research,Transforming Digital Ownership: The Role of NFTs in Shaping Market Dynamics,2025-08-22,,,error: HTTP 403,https://ietresearch.onlinelibrary.wiley.com/doi/10.1049/blc2.70010
gaming,ead80632-2006-4bb3-827b-3742794e875e,CNBC,NBA star Tristan Thompson on blending sports and crypto,2025-06-12,2025-06-12,0,itemprop:datePublished,https://www.youtube.com/watch?v=dqPIqDnWCt4
gaming,abe9d6a6-16b8-42e4-92fb-082f4d7fe028,BlockchainGamer.biz,Sebastien Borget on how The Sandbox's vision has evolved,2025-06-01,2025-01-15,137,og:article:published_time,https://www.blockchaingamer.biz/news/36617/podcast-sebastien-borget-the-sandbox-2025/
gaming,34164726-9e20-4ec6-994f-1897a6b819cc,Hustle Fund,A-Rod Corp: what Alex Rodriguez's investments teach about reinvention,2025-06-01,2026-04-10,-313,json-ld:datePublished,https://www.hustlefund.vc/post/angel-squad-alex-rodriguez-investments-what-a-rod-corp-teaches-about-building-a-second-career-from-scratch
gaming,114c7bb8-a035-4f6d-8913-1c998724855a,Article,AS Monaco and Sorare extend their partnership until 2027,2025-04-30,,,error: HTTP 503,https://www.asmonaco.com/en/news/as-monaco-and-sorare-extend-their-partnership-until-2027
gaming,6bf15df8-e515-4a18-ab44-dd172a8ffa62,Raptor Group / Coinage,Animoca's Yat Siu on why 2025 is the year Web3 wins,2025-04-08,2025-04-08,0,og:article:published_time,https://www.raptorgroup.com/news/animoca-brands-yat-siu-on-why-2025-is-the-year-web3-wins/
gaming,b3d020d9-43b3-4268-a374-c5b21307e6de,Immutable,Immutable Passport Hits 5 Million Signups,2025-02-10,,,error: HTTP 404,https://www.immutable.com/blog/passport-milestone
gaming,5904e5cf-e91b-4a3b-8ace-c067ca15fec6,Web Summit Qatar,Robby Yung (Animoca Brands) at Web Summit Qatar 2025,2025-02-01,2025-02-28,-27,itemprop:datePublished,https://www.youtube.com/watch?v=zn2lO_vPCNk
gaming,4c0794e6-eae9-4e26-8cd1-25364f62cccf,games.gg,State of Blockchain Gaming in 2025,2025-01-01,2025-09-26,-268,json-ld:datePublished,https://games.gg/news/state-of-blockchain-gaming-in-2025/
gaming,a189d1f6-633b-473e-b951-99a78efe7192,BlockchainGamer.biz,Immutable's Robbie Ferguson on Building the Most Valuable Blockchain Gaming Network,2024-12-10,2024-12-23,-13,og:article:published_time,https://www.blockchaingamer.biz/features/interviews/36010/immutable-robbie-ferguson-most-valuable-blockchain-gaming-network/
gaming,abaab951-dd56-4f48-9323-1dce02fe34db,The Defined Podcast,Yat Siu on digital ownership and the open metaverse,2024-08-19,2024-08-19,0,itemprop:datePublished,https://www.youtube.com/watch?v=jQbnleES28s
gaming,85700a16-3c6e-432b-b8e5-745ae22dd4ef,Global Market Insights,Gaming NFT Market Size & Growth Forecasts 2025-2034,2024-06-01,2025-02-01,-245,json-ld:datePublished,https://www.gminsights.com/industry-analysis/gaming-nft-market
gaming,da281477-f9ab-4908-92e2-a999a0a0275d,YouTube,Making Blockchain Technology Accessible With Horizon’s Peter Kieltyka,2024-05-15,2024-05-15,0,itemprop:datePublished,https://www.youtube.com/watch?v=uCryStUtt5I
gaming,d6a792d2-6b9b-4893-ab8d-ab7cb33b14ae,The Big Whale,Nicolas Julia (Sorare): It's in everyone's interest for Sorare to do well,2024-01-15,,,error: HTTP 404,https://app.thebigwhale.io/article-en/exclusive-nicolas-julia-sorare-it-s-in-everyone-s-interest-for-sorare-to-do-well
infra,76d4befa-5c0e-46b6-a690-f756464fd53f,onliine,"JPMorgan, Citi on Global Payments Rivalry",2026-04-19,,,error: HTTP 403,https://www.bloomberg.com/news/videos/2026-04-19/bank-debate-interview-umar-farooq-and-shahmir-khaliq-video?srnd=phx-economics-v2
infra,cacc08f6-42c8-44fd-b6d3-662d2716b5a2,TechCrunch,Solana co-founder Anatoly Yakovenko is a big fan of agentic coding,2026-04-16,2025-10-29,169,og:article:published_time,https://techcrunch.com/2025/10/29/solana-co-founder-anatoly-yakovenko-is-a-big-fan-of-agentic-coding/
infra,0f158445-c31f-4c31-9853-8e48aa1f9f24,online,Visa and Zodia Custody join Stripe’s new blockchain for machine payments,2026-04-14,2026-04-14,0,json-ld:datePublished,https://www.coindesk.com/business/2026/04/14/visa-throws-its-weight-behind-stripe-s-tempo-blockchain
infra,e5e8cb74-38b3-4d1d-8365-eb7d8a4fbcca,BlockHash Podcast,BlockHash Ep. 706 — Agentic & Quantum w/ Marc Vanlerberghe,2026-04-05,2026-04-05,0,og:article:published_time,https://www.blockhashpodcast.com/post/ep-706-algorand-how-algorand-is-handling-agentic-quantum-feat-marc-vanlerberghe
infra,b4afb96f-db0e-45ab-aff6-f0d558d08103,CoinDesk,"AI is breaking crypto security, Ledger CTO warns",2026-04-05,2026-04-05,0,json-ld:datePublished,https://www.coindesk.com/tech/2026/04/05/ai-is-making-crypto-s-security-problem-even-worse-ledger-cto-warns
infra,fadb9790-5894-428e-858a-a575b3dcac16,ENS Labs,ENS Is Staying on Ethereum,2026-02-01,2026-02-06,-5,json-ld:datePublished,https://ens.domains/blog/post/ens-staying-on-ethereum
infra,7481cfbe-11c9-4275-bfca-d33e611c44c0,youtube,Metamask is becoming a Bank? - Joseph Lubin. Ep628,2025-12-11,2025-12-11,0,itemprop:datePublished,https://www.youtube.com/watch?v=UmPA0T9Cdjk
infra,a8301d7d-f8a2-471e-9550-c43d8ab5c971,Fortune,"Circle CEO Jeremy Allaire on IPO, stablecoins, and Arc network",2025-12-10,2025-12-10,0,json-ld:datePublished,https://fortune.com/2025/12/10/leadership-next-circle-ceo-jeremy-allaire-ipo/
infra,cc1f39be-550d-4246-be65-f03638492d1f,Chainlink SmartCon,What's Next for Ethereum: Consensys & Chainlink at SmartCon,2025-10-01,2025-11-07,-37,itemprop:datePublished,https://www.youtube.com/watch?v=wgpFiM9Qdc4
infra,fc4c58d8-71f9-427e-8b86-a36578702685,Fortune,Stripe's head of crypto departs to join Polygon Labs as CPO,2025-09-15,2025-09-15,0,json-ld:datePublished,https://fortune.com/crypto/2025/09/15/stripe-head-of-crypto-john-egan-polygon-labs-chief-product-officer/
infra,65d1a21e-f440-439c-994e-b87886da7ce8,Fintech Wrap Up,Marc Boiron (Polygon Labs) — Payments will define Web3,2025-08-01,2026-04-03,-245,json-ld:datePublished,https://www.fintechwrapup.com/p/marc-boiron-ceo-polygon-labs-payments
infra,e864dd73-aba2-40f1-9e42-f34f08bed861,youtube,The Invisible Infrastructure That Powers The World | Sergey Nazarov,2025-07-08,2025-07-08,0,itemprop:datePublished,https://www.youtube.com/watch?v=XoW2qj9ph4g
infra,22b23154-7c4c-4a13-bd7d-0430a58106ba,The Network State Podcast,Jesse Pollak on Coinbase Base — Network State Podcast #14,2025-07-07,,,error: no date found,https://ns.com/podcast/base
infra,d9153aba-fa3e-4597-935c-e720763d70c8,Proof of Talk,Trust in Cryptography with Silvio Micali (Algorand),2025-06-21,2025-06-21,0,itemprop:datePublished,https://www.youtube.com/watch?v=5rdJnh3hD18
infra,262a9932-0555-440d-8ff4-fe8d4d57ce39,Bloomingbit,Eli Ben-Sasson: enterprise blockchains will fail if they don't embrace decentralization,2025-06-01,2025-10-21,-142,og:article:published_time,https://en.bloomingbit.io/feed/news/99243
infra,336565e7-6868-4e03-8e1e-a997e6139141,Bitcoin Magazine,Adam Back presents Blockstream's Bitcoin-first infrastructure vision,2025-05-01,2025-05-28,-27,og:article:published_time,https://bitcoinmagazine.com/news/adam-back-presents-blockstreams-bitcoin-first-infrastructure-vision-at-bitcoin-2025
infra,74f29830-036b-4e93-b99c-c26269d2d04d,Paris Blockchain Week,Charles Hoskinson keynote at Paris Blockchain Week 2025,2025-04-10,2025-04-30,-20,itemprop:datePublished,https://www.youtube.com/watch?v=6W1h-ojqZ9E
infra,4b4c508a-eeda-4056-b9e0-22fce03d6501,Chainlink,Chainlink in 2025: The Final Stage of Blockchain Adoption,2025-01-01,2025-01-24,-23,og:article:published_time,https://blog.chain.link/chainlink-2025/
infra,fe5ed74f-0690-43a5-afd4-5fb3848d0065,ENS Labs,ENSv2: The Next Generation of ENS,2024-06-01,2024-05-28,4,json-ld:datePublished,https://ens.domains/blog/post/ensv2
infra,deb1bf3b-b412-4a19-a658-5cc41614a00d,Ledger,Revenge of the Atoms (Pascal Gauthier),2024-06-01,2026-03-13,-650,og:article:published_time,https://www.ledger.com/blog-revenge-atoms
infra,62d727c9-5707-47ad-870d-f9cf6107af1f,Fortune,"Jesse Pollak Had Thoughts of Leaving Coinbase. Instead, He Built Its Hit Blockchain",2024-05-30,2024-05-30,0,json-ld:datePublished,https://fortune.com/crypto/2024/05/30/jesse-pollak-coinbase-base-blockchain/
infra,6e44590a-b3c7-42b5-9e90-8efe70837d7f,Deutsche Bank,Zero-Knowledge Proofs in Blockchain Finance: Opportunity vs. Reality,2024-01-01,,,error: non-html (application/pdf),https://corporates.db.com/files/documents/publications/Zero-Knowledge-Proofs-in-Blockchain-Finance-Opportunity-vs-Reality.pdf
infra,e61fb9a1-dd5c-4e22-9633-ba1156106bd2,youtube,Sam Williams On Storing Files On-Chain For Eternity,2022-12-08,2022-12-08,0,itemprop:datePublished,https://www.youtube.com/watch?v=3SSdPWdpHL8
marketplaces,abe4ff5f-7783-4f36-9c3e-de1bbde15116,CryptoSlate,Songadaymann sues SEC after using NFTs to sell songs he writes every day,2026-04-16,2024-07-31,624,og:article:published_time,https://cryptoslate.com/songadaymann-sues-sec-after-using-nfts-to-sell-songs-he-writes-every-day/
marketplaces,aa9d59a8-d09c-49e9-8352-8988e78d8d0a,Stocktwits,"OpenSea CEO Devin Finzer Confirms SEA Token Launch, 'Trade Everything' Strategy",2026-04-16,2025-10-17,181,json-ld:datePublished,https://stocktwits.com/news-articles/markets/cryptocurrency/open-sea-ceo-confirms-sea-token-launch-in-2026-trade-everything-strategy/ch6sjTwR3o5
marketplaces,35036a83-37d0-4f9b-9b05-5ea6d5fc8eee,online,Kraken co-CEO says fears over AI SaaS disruption are overblown,2026-04-14,2026-04-14,0,json-ld:datePublished,https://www.semafor.com/article/04/14/2026/kraken-has-filed-confidentially-for-ipo-co-ceo-arjun-sethi-confirms
marketplaces,707f2b9e-b82c-4df7-bb3f-ca78aabccee9,CoinDesk,White House crypto adviser Witt says Clarity Act hurdles being cleared,2026-04-13,2026-04-13,0,json-ld:datePublished,https://www.coindesk.com/policy/2026/04/13/white-house-s-top-crypto-adviser-witt-says-talks-clearing-other-points-on-clarity-act
marketplaces,ce12c0f2-c53c-43c9-8dd3-fa8b2729675f,CryptoVerse Lawyers,SEC Ends NFT Crackdowns in 2025: Collectibles vs. Securities,2025-12-01,2025-12-22,-21,og:article:published_time,https://www.cryptoverselawyers.io/sec-nft-enforcement-2025-collectibles-vs-securities/
marketplaces,3e10953b-4f0c-4b0e-b8e6-9f036d9ccf5c,Cointelegraph,"What crypto exchanges are watching in 2026, per OKX's Haider Rafique",2025-12-01,2026-01-02,-32,json-ld:datePublished,https://www.tradingview.com/news/cointelegraph:a5f0b7a82094b:0-what-crypto-exchanges-are-watching-in-2026-according-to-okx-s-rafique/
marketplaces,6025c140-3d90-4d03-b724-fbc019605dbc,U.Today,"Zcash needs 2,600% to pass XRP — Helius CEO Mert Mumtaz",2025-11-01,2025-10-30,2,json-ld:datePublished,https://www.tradingview.com/news/u_today:e268c0a1f094b:0-zcash-zec-needs-2-600-to-pass-xrp-easy-says-top-solana-contributor-mert-mumtaz/
marketplaces,cb30bc36-3013-4e70-938a-11d7c90e917c,Finextra,Top NFT Marketplace Development Companies,2025-10-20,2026-04-02,-164,og:article:published_time,https://www.finextra.com/blogposting/31307/top-nft-marketplace-development-companies
marketplaces,2248a470-571c-411b-bbaf-bb2c9ab24a72,ForkLog,Messari CEO Eric Turner on restructuring and new direction,2025-10-01,2026-03-17,-167,og:article:published_time,https://forklog.com/en/messari-appoints-new-ceo-amid-staff-reductions/
marketplaces,2f908b66-cabb-42f0-88ea-75a238109021,Cryptopolitan,Peirce teases NFTs while outlining digital asset vision,2025-09-27,2025-09-27,0,json-ld:@graph.datePublished,https://www.cryptopolitan.com/secs-hester-peirce-teases-nfts/
marketplaces,02922224-03fb-447f-b940-8de08787328b,Mariia Petryk Blog,Post #22 - Royalty Models and the Place of NFTs,2025-09-10,,,error: no date found,https://www.mariiapetryk.com/blog/post-22-royalty-models-and-the-place-of-nfts
marketplaces,362ebd01-de25-4722-90ee-73ff4e1c4a89,Regolith,"OpenSea Investment Analysis 2025: OS2 Platform, SEA Token",2025-08-01,2025-10-05,-65,json-ld:@graph.datePublished,https://regolith.com/news/opensea-investment-analysis-2025-58
marketplaces,c43e768a-87b3-4eef-8fca-8deb897630be,DL News,Messari's New CEO Eric Turner Doesn't Want to Talk Politics,2025-06-15,2024-07-26,324,json-ld:datePublished,https://www.dlnews.com/articles/people-culture/new-messari-ceo-eric-turner-does-not-want-to-talk-politics/
marketplaces,892053a9-e1c2-4a1f-84b4-6580ed4d0042,Fox Business,Ripple CEO warns against weaponization of crypto policy,2025-04-01,2026-03-27,-360,json-ld:datePublished,https://www.foxbusiness.com/video/6391845193112
marketplaces,961c627e-94ba-4de0-b72a-8dfdf199be5d,BlockSurvey,Top 10 NFT Marketplaces by Trading Volume in 2025,2025-04-01,2025-08-05,-126,json-ld:@graph.datePublished,https://blocksurvey.io/web3-guides/top-nft-marketplaces
marketplaces,eb16d2b0-4f03-4443-8ebf-63c8a38b44a7,"Washington Journal of Law, Technology & Arts",THE PARADOXICAL SOLUTION TO ENFORCE RESALE ROYALTIES AND KEEP THE NFT MARKET DECENTRALIZED,2025-01-15,,,error: no date found,https://digitalcommons.law.uw.edu/context/wjlta/article/1349/viewcontent/3__The_Paradoxical_Solution_To_Enforce_Resale_Royalties_And_Keep_The_NFT_Market_Decentralized__Holcomb.pdf
marketplaces,d6f5367e-5ca7-45dc-be46-d433b41b28ad,SuperRare Labs,John Crain & Jonathan Perkins — SuperRare Labs,2023-05-01,2024-03-18,-322,itemprop:datePublished,https://www.youtube.com/watch?v=sUr41aG406E
rwa,ce098331-3005-4fce-bf77-3cd008473f10,Online,"EXPERT OPINION | Tokenization Alone Will Not Fix Illiquid Assets, Say Industry Experts",2026-04-17,2026-04-17,0,json-ld:datePublished,https://bitcoinke.io/2026/04/tokenization-alone-will-not-fix-illiquid-assets/
rwa,39dacab8-90b8-48ed-9541-fb3188f943a8,Online,Tokenization doesn’t ‘magically’ fix illiquid assets: PBW 2026,2026-04-17,,,error: no date found,https://cointelegraph.com/news/tokenization-illiquid-assets-liquidity-rwa-panel-pbw
rwa,53cc0138-3805-47ee-9feb-040d09dba4a1,Stock Titan / FINTECH.TV,Securitize CEO Carlos Domingo on tokenized shares and SPAC merger,2026-04-16,2026-03-05,42,og:article:published_time,https://www.stocktitan.net/sec-filings/CEPT/425-cantor-equity-partners-ii-inc-business-combination-communication-cc77b004cdbd.html
rwa,f12dab80-e5c5-4894-83b5-eb1a7fe56e99,Online,"Europe’s largest asset manager Amundi debuts $100 million tokenized fund on Ethereum, Stellar",2026-03-19,2026-03-19,0,json-ld:datePublished,https://www.theblock.co/post/394348/europes-largest-asset-manager-amundi-debuts-100-million-tokenized-fund-on-ethereum-stellar
rwa,bf34b67a-e8dc-46f0-a176-401f60ad3ac6,online,BlackRock is betting billions that tokenized funds will do for Wall Street what the internet did to mail,2026-03-14,2026-03-23,-9,json-ld:datePublished,https://www.coindesk.com/business/2026/03/23/blackrock-is-betting-billions-that-tokenized-funds-will-do-for-wall-street-what-the-internet-did-to-mail
rwa,078eeb0a-f1e6-4240-9509-08155489ca40,Arab Bank Switzerland,Arab Bank Switzerland Middle East receives in-principle ADGM advisory licence,2026-01-15,2025-12-10,36,og:article:published_time,https://www.arabbank.ch/news/arab-bank-switzerland-middle-east-receives-in-principle-approval-for-advisory-licence-from-adgm/
rwa,476b8b6a-c157-4414-9091-a00928aa959a,Online,"Morgan Stanley Is Betting Big on Digital Assets, Workplace Services, and Private Markets. How They Tie Together.",2026-01-08,,,error: HTTP 401,https://www.barrons.com/advisor/articles/morgan-stanley-digital-assets-workplace-private-markets-c96cb2ff
rwa,2bf2e80a-7622-4149-989a-69a078bf847c,Online,"Bybit CEO Ben Zhou on perps, RWAs, and what's next for 2026",2025-12-11,2025-12-11,0,json-ld:datePublished,https://www.theblock.co/post/382099/bybit-ceo-ben-zhou-on-perps-rwas-and-whats-next-for-2026
rwa,3590b4b9-94ea-49e0-ac05-f0255479c9ea,Online,Five Insights from Paxos CEO Charles Cascarilla at the Federal Reserve’s Payments Innovation Conference,2025-11-19,2025-11-19,0,time[datetime],https://www.paxos.com/blog/five-insights-from-paxos-ceo-charles-cascarilla-at-the-federal-reserve-s-payments-innovation-conference
rwa,1e06fdc2-a47e-4d72-816c-aec14ef28e78,online,France’s new tokenized stock exchange wants to reinvent IPOs,2025-10-16,,,error: no date found,https://cointelegraph.com/news/france-lightning-stock-exchange-lise-tokenized-ipo
rwa,c76a37ee-08dd-4063-95f6-31b814f12c8d,YouTube,Breakpoint Keynote: Figure (Mike Cagney),2025-09-01,2025-12-12,-102,itemprop:datePublished,https://www.youtube.com/watch?v=_UXD6sfhH9s
rwa,ec85080f-db33-439a-9d80-de8dc5353b07,GlobeNewswire,SharpLink welcomes BlackRock's Joseph Chalom as Co-CEO,2025-07-25,2025-07-25,0,json-ld:datePublished,https://www.globenewswire.com/news-release/2025/07/25/3121755/0/en/SharpLink-Welcomes-BlackRock-Digital-Assets-Pioneer-Joseph-Chalom-as-Newly-Appointed-Co-CEO.html
social,43b7728f-867e-4f6b-b32e-c823770eb0e9,youtube,Pudgy Penguins CEO Luca Netz on the NFT Resurgence Everyone Is Missing,2026-04-10,2025-07-24,260,itemprop:datePublished,https://www.youtube.com/watch?v=YPM9LBtJbOE
social,541ad9d1-53a6-4fb7-8a72-e923bebffc8e,youtuve,Will Aave’s New Plan Change DeFi Forever? | Stani Kulechov Explains,2026-03-13,2026-03-13,0,itemprop:datePublished,https://www.youtube.com/watch?v=c-EMkqBaoDE
social,fc12e1e4-505d-4c4c-bf34-bb8d1c4b58d7,BlockEden,Farcaster vs Lens: SocialFi Web3 Social Graph,2026-01-13,2026-01-13,0,og:article:published_time,https://blockeden.xyz/blog/2026/01/13/farcaster-vs-lens-socialfi-web3-social-graph/
social,2910c010-08c3-4958-b156-b44c1cac979f,youtube,How Zora is Redefining the Creator Economy | Jacob Horne,2025-04-01,2025-04-01,0,itemprop:datePublished,https://www.youtube.com/watch?v=MM7DcPcoAJw